{
    "client_meta":
    {"background_color":{"r":0.11764705926179886,"g":0.11764705926179886,"b":0.11764705926179886,"a":1},
"thumbnail_size":{"width":194,"height":400},
"render_coordinates":{"x":-1724,"y":-2635,"width":2558,"height":5269}},
"file_name":"Zadanie rekrutacyjne 2023",
"developer_related_links":[]}